"","x"
"1","AA_38_190702_Paul_792019_19.qgd"
"2","AA_39_190702_Paul_792019_20.qgd"
"3","AC_60_1907015_Paul_7162019_05.qgd"
"4","AC_61_1907015_Paul_7162019_06.qgd"
"5","AC_62_1907015_Pau_7162019_08.qgd"
"6","AC_63_1907015_Paul_7162019_09.qgd"
"7","AC_83_190719_Paul_832019_03.qgd"
"8","Air_00_190625_Paul_6252019_21.qgd"
"9","Air_07_190625_Paul_732019_03.qgd"
"10","Air_08_190626_Paul_6282019_21.qgd"
"11","Air_104_190725_Paul_842019_14.qgd"
"12","Air_105_190729_Paul_842019_15.qgd"
"13","Air_110_190729_Paul_842019_20.qgd"
"14","Air_14_190626_Paul_782019_20.qgd"
"15","Air_15_190627_Paul_782019_21.qgd"
"16","Air_23_190627_Paul_792019_03.qgd"
"17","Air_24_190628_Paul_792019_04.qgd"
"18","Air_33_190628_Paul_792019_14.qgd"
"19","Air_34_190702_Paul_792019_15.qgd"
"20","Air_40_190702_Paul_792019_20.qgd"
"21","Air_41_190703_Paul_792019_03.qgd"
"22","Air_46_190703_Paul_792019_08.qgd"
"23","Air_47_190709_Paul_792019_09.qgd"
"24","Air_56_190709_Paul_792019_19.qgd"
"25","Air_57_1907015_Paul_7162019_02.qgd"
"26","Air_67_1907015_Paul_7162019_13.qgd"
"27","Air_68_190718_Paul_832019_02.qgd"
"28","Air_76_190718_Paul_832019_08.qgd"
"29","Air_77_190719_Paul_832019_12.qgd"
"30","Air_85_190719_Paul_832019_05.qgd"
"31","Air_86_190722_Paul_832019_06.qgd"
"32","Air_94_190722_Paul_842019_04.qgd"
"33","Air_95_190725_Paul_842019_05.qgd"
"34","AM_84_190719_Paul_832019_04.qgd"
"35","AM_91_190722_Paul_832019_11.qgd"
"36","AM_92_190722_Paul_842019_02.qgd"
"37","AM_93_190722_Paul_842019_03.qgd"
"38","AqC_111_190729_Paul_842019_21.qgd"
"39","Blank_1_792019_02.qgd"
"40","Blank_2_782019_15.qgd"
"41","Blank_2a_792019_11.qgd"
"42","Blank_2b_792019_12.qgd"
"43","Blank_3_6252019_20.qgd"
"44","Blank_3a_190627_Paul_782019_22.qgd"
"45","Blank_3b_6282019_21.qgd"
"46","Blank_3c_732019_22.qgd"
"47","Blank_3d_782019_23.qgd"
"48","Blank_4_792019_21.qgd"
"49","Blank_5_190715_Paul_7162019_01.qgd"
"50","Blank_5a_1907015_Paul_7162019_07.qgd"
"51","Blank_5b_1907015_Paul_7162019_14.qgd"
"52","Blank_6_190718_Paul_832019_01.qgd"
"53","Blank_6a_190718_Paul_832019_11.qgd"
"54","Blank_7_190718_Paul_832019_01.qgd"
"55","Blank_8_Paul_842019_01.qgd"
"56","Blank_9_Paul_842019_22.qgd"
"57","BS_16_190627_Paul_792019_02.qgd"
"58","BS_17_190627_Paul_782019_24.qgd"
"59","CL_03_190625_Paul_722019_21.qgd"
"60","CL_04_190625_Paul_732019_21.qgd"
"61","CL_11_190626_Paul_782019_17.qgd"
"62","CR_78_190718_Paul_832019_13.qgd"
"63","CR_79_190718_Paul_832019_14.qgd"
"64","CR_80_190718_Paul_832019_15.qgd"
"65","CR_81_190718_Paul_832019_16.qgd"
"66","CR_82_190719_Paul_832019_02.qgd"
"67","CS_73_190718_Paul_832019_07.qgd"
"68","CS_74_190718_Paul_832019_09.qgd"
"69","CS_75_190718_Paul_832019_10.qgd"
"70","DA_35_190702_Paul_792019_16.qgd"
"71","DA_36_190702_Paul_792019_20.qgd"
"72","DA_37_190702_Paul_792019_18.qgd"
"73","DG_109_190729_Paul_842019_19.qgd"
"74","EG_01_190625_Paul_6252019_22.qgd"
"75","EG_02_190625_Paul_722019_20.qgd"
"76","ES_69_190718_Paul_832019_03.qgd"
"77","ES_70_190718_Paul_832019_04.qgd"
"78","ES_71_190718_Paul_832019_05.qgd"
"79","ES_72_190718_Paul_832019_06.qgd"
"80","EU_48_190709_Paul_792019_10.qgd"
"81","EU_49_190709_Paul_792019_12.qgd"
"82","EU_54_190709_Paul_792019_16.qgd"
"83","EU_58_1907015_Paul_7162019_03.qgd"
"84","EU_59_1907015_Paul_7162019_04.qgd"
"85","FS_42_190703_Paul_792019_04.qgd"
"86","FS_43_190703_Paul_792019_05.qgd"
"87","FV_55_190709_Paul_792019_18.qgd"
"88","GB_87_190722_Paul_832019_07.qgd"
"89","GB_88_190722_Paul_832019_08.qgd"
"90","GB_89_190722_Paul_832019_09.qgd"
"91","GB_90_190722_Paul_832019_10.qgd"
"92","HC_05_190625_Paul_732019_20.qgd"
"93","HC_06_190625_Paul_732019_02.qgd"
"94","HC_27_190628_Paul_792019_07.qgd"
"95","HC_28_190628_Paul_792019_08.qgd"
"96","HV_100_190725_Paul_842019_10.qgd"
"97","HV_101_190725_Paul_842019_11.qgd"
"98","HV_102_190725_Paul_842019_12.qgd"
"99","HV_103_190725_Paul_842019_13.qgd"
"100","LD_45_190703_Paul_792019_07.qgd"
"101","LL_50_190709_Paul_792019_13.qgd"
"102","LL_51_190709_Paul_792019_14.qgd"
"103","LL_52_190709_Paul_792019_15.qgd"
"104","LL_53_190709_Paul_7102019_03.qgd"
"105","MC_106_190729_Paul_842019_16.qgd"
"106","MC_107_190729_Paul_842019_17.qgd"
"107","MC_108_190729_Paul_842019_18.qgd"
"108","MF_13_190626_Paul_782019_19.qgd"
"109","MF_20_190627_Paul_782019_27.qgd"
"110","MF_29_190628_Paul_792019_09.qgd"
"111","MF_30_190628_Paul_792019_10.qgd"
"112","MR_12_190626_Paul_782019_18.qgd"
"113","MR_21_190627_Paul_782019_28.qgd"
"114","MR_31_190627_Paul_792019_12.qgd"
"115","MR_32_190627_Paul_792019_13.qgd"
"116","MR_44_190703_Paul_792019_06.qgd"
"117","PH_64_1907015_Paul_7162019_10.qgd"
"118","SI_18_190627_Paul_782019_25.qgd"
"119","SI_19_190627_Paul_782019_26.qgd"
"120","SL_96_190725_Paul_842019_06.qgd"
"121","SL_97_190725_Paul_842019_07.qgd"
"122","SL_98_190725_Paul_842019_08.qgd"
"123","SL_99_190725_Paul_842019_09.qgd"
"124","VA_65_1907015_Paul_7162019_11.qgd"
"125","VA_66_1907015_Paul_7162019_12.qgd"
"126","VP_09_190626_Paul_6282019_22.qgd"
"127","VP_10_190626_Paul_782019_16.qgd"
"128","VP_22_190627_Paul_792019_02.qgd"
"129","VP_25_190628_Paul_792019_05.qgd"
"130","VP_26_190628_Paul_792019_06.qgd"
